year,BOLSPPOPTOTL,BOLSPPOP1564TO,BOLNYGDPMKTPKN,BOLNECONPRVTKN,BOLNECONGOVTKN,BOLNEGDIFTOTKN,BOLNEGDISTKBKN,BOLNEEXPGNFSKN,BOLNEIMPGNFSKN,BOLNYGDPDISCKN,BOLNYGDPMKTPCN,BOLNECONPRVTCN,BOLNECONGOVTCN,BOLNEGDIFTOTCN,BOLNEGDISTKBCN,BOLNEEXPGNFSCN,BOLNEIMPGNFSCN,BOLNVAGRTOTLKN,BOLNVINDTOTLKN,BOLNVSRVTOTLKN,BOLNVAGRTOTLCN,BOLNVINDTOTLCN,BOLNVSRVTOTLCN,BOLNYGDPMKTPCD,BOLBXGSRMRCHCD,BOLBXGSRNFSVCD,BOLBMGSRMRCHCD,BOLBMGSRNFSVCD,BOLBNCABFUNDCD,BOLBXFSTREMTCD,BOLBMFSTREMTCD,BOLBFCAFFFDICD,BOLFIRESTOTLCD,BOLPANUSATLS,BOLFPCPITOTLXN,BOLGGREVTOTLCN,BOLGGREVTAXTCN,BOLGGEXPTOTLCN,BOLGGEXPINTPCN,BOLGGBALOVRLGD,BOLGGDBTTOTLGD,BOLGGREVTOTLGD,BOLGGEXPTOTLGD,BOLGGREVTAXTGD,BOLLMEMPTOTL,BOLLMUNRTOTL_,BOLLMPRTTOTL_,BOLFMLBLPOLYFR,BOLFMLBLMTWOCN,BOLNVOILTOTLGD,BOLBXGOILSHRPC,BOLNEGDIFGOVKN,BOLNEGDIFPRVKN,BOLNEGDIFGOVCN,BOLNEGDIFPRVCN,BOLNYGDPFCSTKN,BOLNYGDPFCSTCN,BOLNYTAXNINDKN,BOLNYTAXNINDCN,BOLNYGDPMKTPXN,BOLNYGDPFCSTXN,BOLNECONPRVTXN,BOLNECONGOVTXN,BOLNEGDIFTOTXN,BOLNEEXPGNFSXN,BOLNEIMPGNFSXN,BOLNVAGRTOTLXN,BOLNVINDTOTLXN,BOLNVSRVTOTLXN,BOLLMLBFTOTL,BOLSPPOPWORK,BOLNYYWBTOTLCN,BOLNEWRTTOTLXN,BOLGGEXPINTECN,BOLGGEXPINTDCN,BOLGGEXPCAPTCN,BOLGGEXPWAGECN,BOLGGEXPGNFSCN,BOLGGBALOVRLCN,BOLGGEXPTRNSCN,BOLGGREVDRCTCN,BOLGGREVIDRTCN,BOLGGDBTTOTLCN,BOLGGDBTEXTLCN,BOLGGDBTDOMTCN,BOLNEGDIKSTKKN,BOLNYGDPTFP_ACT,BOLLMPRTSTRL_,BOLLMUNRSTRL_,BOLLMEMPSTRL,BOLNYGDPTFP,BOLNYGDPPOTLKN,BOLNYGDPGAP_,BOLXMKT_USD,BOLGGBALPRIMCN
1990,7130142.0,3966055.0,106000145693.88,77892584544.9792,16101197362.5566,13555276150.7216,-19157960.1770541,18462131909.3134,20931239671.2734,,15443135928.0,11869886152.0,1815415000.0,1939424556.0,-4100536.0,3517480312.0,3694969556.0,10301098559.8122,30742676125.3866,52964439005.5423,2371077205.0,4923974890.0,7121414173.0,4867582597.51312,830800000.0,145900000.0,775600000.0,310600000.0,-198900000.0,4599999.905,7700000.0,27200000.0,510931171.639825,3.17265,26.335044640285,2111900000.0,1117500000.0,2191700000.0,145700000.0,-1.65445671909649,,13.6753312918195,14.1920657191537,7.23622459330852,,,69.002,41.8133333333333,3779600000.0,2.75361755081365,,5422110460.28864,8133165690.43296,775769822.4000001,1163654733.6,94008213690.74107,14416466268.0,11991932003.138916,1026669660.0,0.1456897613386169,0.1533532624651912,0.1523878841784446,0.1127503103726779,0.1430752523545422,0.1905240591540554,0.176528940188434,0.2301771205500656,0.1601674125543642,0.1344565203882326,2736657.2710999995,4560963.25,7929056447.400001,,,,,,,,,312900000.0,804600000.0,,,,207926474183.2724,,69.25603285717841,,,,,,7301373896.26968,
1991,7280289.0,4055020.0,111582671634.805,80481251289.2334,16639111624.6063,16139951263.3933,901218883.51691,19808722933.7706,23566339295.7512,,19132128300.0,14891257800.0,2310153000.0,2771102000.0,209256800.0,4109456200.0,5159097400.0,11316775072.062,32038130092.5259,55260846246.3995,2973533700.0,5855625100.0,8917330800.0,5343262457.10226,760300000.0,157000000.0,804200000.0,311200000.0,-262600000.0,3400000.095,8600000.0,52000000.0,422359443.149442,3.58060833333333,31.9831400506551,2841300000.0,1517700000.0,2779600000.0,204900000.0,-0.430689146068501,,14.8509353243256,14.5284411457768,7.93272957509908,2728793.01945627,2.935,69.329,41.1475,5697100000.0,1.37366238218404,,6455980505.35732,9683970758.035978,1108440800.0,1662661200.0,98615751410.9874,17746489600.0,12966920223.817596,1385638700.0,0.1714614645777336,0.1799559334699015,0.1850276624860592,0.1388387224101371,0.1716920921740997,0.2074568973345604,0.2189180650950798,0.2627545109861585,0.1827705013709912,0.1613679739944447,2811304.8158,4663273.0,9760569280.0,3576.881504169509,,,,,,,,424956000.00000006,1092744000.0,,,,213670101737.50208,256.7014001612202,69.4210178069379,2.9993202382160025,2730604.2071266426,256.6118012360371,110224552817.546,1.232138196565935,8014893685.653389,
1992,7430336.0,4145535.0,113419878296.005,83342802929.9752,17253478004.3621,18087477445.6957,221613207.553922,20029155461.7488,25905064603.6769,,22014006000.0,17488916500.0,2833313000.0,3591710600.0,85582900.0,4412875200.0,6398392000.0,10837496767.8745,32614273507.2713,57565103407.7882,3170942400.0,6639617900.0,10460944200.0,5643868748.68126,608400000.0,164600000.0,1040800000.0,311000000.0,-533900000.0,3799999.952,8900000.0,93100000.0,479572082.597047,3.90051666666666,35.8404102387903,3339900000.0,1959200000.0,3866100000.0,318200000.0,-2.60743092374918,,15.171704777404,17.5620012095936,8.89978861639267,2785205.236830075,3.03,69.285,45.5116666666666,7661100000.0,1.42097317088114,16.4779970409837,7234990978.278281,10852486467.41742,1436684240.0,2155026360.0,101016873682.934,20271504500.0,12403004613.071014,1742501500.0,0.1940930137708973,0.2006744394369899,0.20984315243986,0.1642169190051808,0.1985744342063975,0.2203225796727976,0.246993863859804,0.2925899280911065,0.2035801256931174,0.1817237107331366,2872233.92475,4767365.25,11149327475.0,4003.0541834286446,,,,,,,,548576000.0,1410624000.0,,,,221074074096.32263,254.08305267104268,69.58346242812567,2.912920147851918,2800580.496821768,258.1546742771837,113828527186.76788,-0.359003934130131,8465803123.021891,
1993,7579195.0,4235469.0,118262108755.566,86113882155.05,17690470149.5468,18562920255.5496,-104710730.325048,21091621802.7389,25716370897.3394,,24458969300.0,19413422200.0,3270271000.0,4075936400.0,-24607700.0,4666958500.0,6943011200.0,11286553562.7158,34383629679.5439,60024535639.4507,3582740600.0,7002221900.0,11969203800.0,5734699488.84934,715500000.0,181400000.0,1111700000.0,321700000.0,-505500000.0,4199999.809,9500000.0,123800000.0,572438127.381548,4.26508333333333,38.8968363247954,3923700000.0,2327600000.0,4984100000.0,450300000.0,-2.64606407597069,,16.0419678845584,20.3773917815907,9.51634540053983,2854690.8583116,3.05,69.52,53.8766666666666,10243100000.0,1.3937400044077,12.7383036713833,7425168102.21984,11137752153.32976,1630374560.0,2445561840.0,105694718881.7104,22554166300.0,12567389873.855606,1904803000.0,0.2068199997224287,0.2133897184138574,0.2254389386956878,0.1848606041758465,0.2195740941558724,0.2212707274788116,0.2699840979785495,0.3174344214194214,0.2036498753988699,0.1994051877701378,2944498.0488,4870789.35,12404791465.000002,4345.406238606441,,,,,,,,651728000.0000001,1675872000.0,,,,228583290647.05612,257.4649449363445,69.73990621410063,2.825876855105676,2870341.0156147755,259.69844330758224,117862265944.12048,0.3392458207405191,8602049233.27401,
1994,7727322.0,4324443.0,123781714887.193,88640144016.8474,18244597227.2771,17074517498.9897,-414265701.740249,24275718880.5231,25550598645.1026,,27636341900.0,21444454300.0,3749673000.0,4104405000.0,-132732400.0,5986946900.0,7516404800.0,12039631885.9903,35991854448.1907,62618860548.297,4212963200.0,7775029500.0,13354324700.0,5981222858.82727,985100000.0,196000000.0,1015300000.0,337500000.0,-90200000.0,4500000.0,9800000.0,130200000.0,793388690.272345,4.62051666666666,41.9595904151193,4528600000.0,2776200000.0,5244300000.0,610300000.0,-3.5721080726679,59.2,16.3863944670622,18.9761004512685,10.0454684272089,2925492.6086087995,3.08,69.8,55.5733333333333,12723100000.0,1.32063764470926,9.52179302499781,6829806999.5958805,10244710499.39382,1641762000.0,2462643000.0,110650346882.478,25342317400.0,13131368004.714996,2294024500.0,0.2232667557174018,0.2290306186470082,0.2419271148287412,0.2055223775723558,0.2403819024603686,0.2466228468646276,0.2941772482282212,0.3499245857261083,0.2160219199372443,0.2132636171126111,3018461.2139999997,4973109.449999999,13938274570.000002,4764.419684050497,,,,,,,,777336000.0000001,1998864000.0,16360714404.800003,8998392922.640003,7362321482.160002,234228643613.693,262.971716256431,69.88390403394041,2.738717956116601,2939323.085703517,261.2032881004234,121922731819.21666,1.524722289468361,8971834288.240904,
1995,7874676.0,4414011.0,129572565886.25,91252401560.458,19454287910.6036,19430922219.2453,-635542520.799411,26489249296.9572,27829624959.8279,,32235072900.0,24440155400.0,4375144000.0,5007243800.0,-93328200.0,7269467200.0,8763609200.0,12208635651.0345,38506816721.5762,64915903481.6424,4789905900.0,9394189100.0,15063715000.0,6715161732.22658,1041400000.0,192400000.0,1223700000.0,350200000.0,-302500000.0,5400000.0,9200000.0,392700000.0,1005482847.42788,4.80034166666666,46.2366182230716,5233800000.0,3134000000.0,5707800000.0,727700000.0,-2.7882673099213,62.0,16.2363522993615,17.7068003466498,9.72232949409585,3011147.1813569157,2.664,70.085,51.0175,13697400000.0,1.67539093460871,12.9404641892439,7772368887.69812,11658553331.54718,2002897520.0,3004346280.0,115631355854.25311,29247810000.0,13941210031.996887,2987262900.0,0.2487800768590068,0.2529401284273206,0.2678302705689068,0.2248935566341299,0.257694603658111,0.274430849983923,0.3149021667611504,0.3923375254133435,0.2439617163871204,0.2320496857023622,3093559.6093499996,5076112.649999999,16086295500.000002,5342.248163622152,,,,,,,,877520000.0000001,2256480000.0,19985745198.0,10992159858.900002,8993585339.1,241948133652.25363,267.0148673980452,70.00681169458163,2.6542122784729587,3008090.3332013777,262.60705344518533,125517525562.0702,3.2306566800303305,10072742598.33987,
1996,8021736.0,4504346.0,135223668561.107,94232596491.6259,19961168998.6565,21709841142.219,161975732.289215,27567006620.1621,30039369150.121,,37536646800.0,28200555400.0,5002609000.0,6072066400.0,22842000.0,8476477000.0,10237903000.0,13027137070.9401,39685300515.4374,68490681399.5311,5324453000.0,10493326900.0,17833808000.0,7396949126.35685,1131990000.0,180940000.0,1368000000.0,363420000.0,-379690000.0,10700000.0,13000000.0,474100000.0,1301661210.80997,5.0746125,51.9817430329974,6444200000.0,4614700000.0,7069000000.0,749500000.0,-2.58334210076538,58.0,17.167756177944,18.8322628754362,12.2938525238754,3093152.4718883247,2.375,70.341,55.9666666666666,19154161924.68,2.08266621438735,13.0738735089195,8683936456.887602,13025904685.3314,2428826560.0,3643239840.0,121203118985.9086,33651587900.0,14020549575.198397,3885058900.0,0.2775893244091166,0.2776462205061936,0.2992653970062904,0.2506170355221532,0.279691885363071,0.3074863047988834,0.3408161785567578,0.4087201179357639,0.264413441846513,0.2603829840145537,3168402.01986,5179997.899999999,18508373345.0,5983.660202078854,,,,,,,,1292116000.0000002,3322584000.0,21771255144.0,11974190329.2,9797064814.8,251560568111.85992,269.8005485331351,70.09914596262155,2.578541470201849,3076090.4220058913,263.86526841290635,129555769275.20132,4.374872163250387,11095423689.535276,
1997,8167900.0,4595614.0,141922931371.563,99348482207.8886,20631889990.4661,27520052805.7989,714587743.386781,26985282713.5221,34106431464.2868,,41643866100.0,31113364500.0,5789967000.0,7899404700.0,276106200.0,8791271200.0,12226247600.0,13620492742.7532,41159215191.5572,73617220432.4445,6212539900.0,11008601600.0,20497255400.0,7925736821.45034,1090000000.0,323840000.0,1643600000.0,418740000.0,-553500000.0,84900000.0,12000000.0,730600000.0,1359051283.44007,5.25425833333333,54.4292744812108,7070100000.0,5255600000.0,8199200000.0,709200000.0,-3.08496813651987,55.0,16.977530335494,19.688854008682,12.6203460249816,3179717.82667008,2.08,70.66,50.05,22786656415.59,1.64557088716868,8.41558907225538,11008021122.31956,16512031683.47934,3159761880.0,4739642820.0,128396928366.7549,37718396900.0,13526003004.80809,3925469200.0,0.293425915724456,0.2937640127360415,0.313174029522612,0.2806319247861207,0.2870417711675129,0.3257802148426174,0.3584733751111497,0.4561171183256486,0.2674638364401599,0.2784301727176658,3247260.8524,5284956.1,20745118295.0,6524.201022178458,,,,,,,,1471568000.0000002,3784032000.0,22904126355.0,12597269495.250002,10306856859.75,266502592512.0658,271.7522857469136,70.15220548771167,2.517985056545644,3142746.637626386,264.97754021415346,133973336427.79794,5.933714241750865,11888605232.17551,
1998,8313394.0,4688349.0,149060739069.545,104567479796.1,21416066102.3344,35560518791.8334,788318962.169434,28734584620.4824,41715834197.7204,,46822325700.0,35144093500.0,6657606000.0,10840874200.0,212243500.0,9223382400.0,15255874000.0,13017216449.8351,44073695687.654,78175943194.4955,5911520600.0,12236263000.0,24215181500.0,8497494652.12546,1032000000.0,323200000.0,1759500000.0,440500000.0,-666100000.0,88400000.0,15100000.0,949300000.0,1218866920.23489,5.51013333333333,58.6057573316524,8279900000.0,6342800000.0,9212900000.0,775700000.0,-2.85697043024072,58.0,17.6836581186739,19.6762972839685,13.5465291507295,3234767.9261649563,2.121,70.491,39.4116666666666,25845352199.0,1.24033297671521,7.28497112896233,14224207516.73336,21336311275.100037,4336349680.0,6504524520.0,135266855331.9846,42362965100.0,13793883737.560425,4459360600.0,0.3141157490045371,0.31318067531051,0.3360900881280563,0.3108696979261894,0.304857031570913,0.3209854091096012,0.3657094312843364,0.4541309290493426,0.2776318801744516,0.3097523420952474,3304864.09359,5391601.35,23299630805.0,7202.875549907947,,,,,,,,1775984000.0000002,4566816000.0,27156948906.0,14936321898.3,12220627007.7,288737981678.2959,272.72364161335105,70.15970745987727,2.4767871480447003,3207862.1922748988,266.0028288606962,139595217292.61047,6.780692032660052,12746241978.18819,
1999,8459806.0,4783299.0,149697057635.436,107456053270.121,22103569309.5875,30128225734.7922,-188212166.055499,25055179493.8408,34565378874.9126,,48156174800.0,37001622000.0,7126099000.0,9196540100.0,-156734200.0,8129195400.0,13140547400.0,13343571214.4637,43209281398.9297,81545021902.5567,6384541600.0,12108338700.0,26110334500.0,8285064434.56826,1005500000.0,305100000.0,1539000000.0,449700000.0,-488000000.0,96000000.0,32100000.0,1010500000.0,1248580099.5968,5.81240833333333,59.8713581954227,8619200000.0,5797900000.0,9874000000.0,627600000.0,-3.21018022386612,65.0,17.8984315838973,20.5041202732739,12.0397851865925,3286379.794871288,2.299,70.322,35.3691666666666,26680306596.57,1.83148099301924,5.26722651510801,12051290293.91688,18076935440.875317,3678616040.0,5517924060.0,138097874515.9501,44603214800.0,11599183119.4859,3552960000.0,0.3216908572597125,0.3229826306620555,0.3443419041920888,0.3223958492943051,0.3052466541161034,0.3244516927926364,0.3801650040508409,0.478473228597117,0.2802254124110456,0.320195321440969,3363711.52278,5500793.85,24531768140.000004,7464.678360755562,,,,,,,,1623412000.0000002,4174488000.0,31301513620.0,17215832491.0,14085681129.0,304429308329.1733,265.12433563161915,70.12044701426647,2.454812004673917,3271734.5120926257,267.06784181963155,146884608354.60574,1.9147338256439328,12427596651.85239,
2000,8606326.0,4880705.0,153451176627.565,109930929813.183,22562997756.6471,27447138728.5681,132103032.335827,28823631642.0256,36179553863.4206,,51928492100.0,39655456200.0,7550039000.0,9288698100.0,132936800.0,9489799500.0,14188437500.0,13807311049.8779,44260681289.2965,82992735999.5596,6732950600.0,13365886100.0,27086846400.0,8397855484.76908,1139092096.03,330932000.0,1610160000.0,467680000.0,-446349903.97,126870000.0,37000000.0,736350000.0,1184108227.67536,6.18354166666666,62.6303680784417,9244300000.0,6403200000.0,10673200000.0,890500000.0,-3.99761270942046,72.0,17.8019804276196,20.5536490053406,12.3308028811412,3340402.9537346764,2.439,70.152,34.5958333333333,27094684561.77,3.20071915897547,12.1942402416879,10978855491.42724,16468283237.14086,3715479240.0,5573218860.0,141060728338.734,47185683100.0,12390448288.830994,4742809000.0,0.3384040008114991,0.3345061638040843,0.3607306539423492,0.3346203851735856,0.33842136303745,0.3292367741115463,0.3921672874563897,0.4876366278472114,0.3019810294522568,0.3263761107977418,3423912.1716000005,5612810.75,25952125705.000004,7769.160207448836,,,,,,,,1792896000.0000002,4610304000.0,37388514312.0,20563682871.6,16824831440.4,316654981641.2827,264.61655079691985,70.03653221142868,2.448366014927745,3334584.608626019,268.36649468558306,152746109965.7173,0.4615938579424217,12596783227.15362,
2001,8752736.0,4982127.0,156034986200.326,111326215935.477,23208915269.0626,21559990628.9599,839227623.20137,31238252672.2653,34356098175.892,,53790326600.0,40499252900.0,8458061000.0,7491256800.0,183780700.0,10743084300.0,13585109100.0,14285165667.8223,44352448395.7609,84376421963.3404,7130259400.0,13673864900.0,28322638400.0,8141516928.39489,1188657425.88972,332040844.082,1580000000.0,399443800.0,-274011530.02828,135280000.0,36380000.0,705756000.0,1146023735.30062,6.60691666666666,63.6259740912743,9095040000.0,6337870000.0,13041420000.0,1102970000.0,-6.61152334405049,68.3,16.9083189764458,24.2449169289855,11.7825460461138,3395090.29144933,2.623,69.981,20.0570612222166,34145254293.2672,2.70191454521148,22.4397697760694,8623996251.58396,12935994377.37594,2996502720.0,4494754080.0,143014036026.92358,49126762700.0,13020950173.402405,4663563900.0,0.3447324725683067,0.3435100782048517,0.3637890011771599,0.3644315514941176,0.3474610415617511,0.3439079775911469,0.3954206042388364,0.4991373264967512,0.3083001140768344,0.3356700573568471,3486542.2958699996,5729446.05,27019719485.000004,7958.468601866127,,,,,,,,1774603600.0000002,4563266400.0,36738793067.799995,20206336187.29,16532456880.509998,322382223188.17847,264.5372091353795,69.91208664177061,2.452197447253897,3397696.236212534,270.07326799129413,158087287483.59155,-1.2982076648500818,12212275392.592337,
2002,8900355.0,5090632.0,159913338356.362,113602461857.98,24011268714.4853,25550276793.7907,895937584.149183,33016721499.2706,38855032453.4799,,56682328500.0,41842207100.0,9050972000.0,8870584300.0,365616000.0,12262912900.0,15709963800.0,14349064286.2639,45540670125.5426,85521142944.9304,7343262900.0,14439012200.0,29644603900.0,7905485146.44351,1184341415.90552,370970703.156367,1638700000.0,433295000.0,-351932880.938109,112900000.0,37880000.0,676543000.0,892729137.789947,7.17,64.2165878277003,10416540714.81,7473057692.3,16315688264.296,1333991588.22,-8.71141046062707,75.0,18.377051526403,28.7844354599794,13.1841049760332,3461265.5609148243,2.603,69.81,20.6324567427483,32164317428.9323,3.20143436722118,24.9742676784933,10220110717.51628,15330166076.27442,3548233720.0,5322350580.0,145410877356.7369,51426879000.0,14502460999.625092,5255449500.0,0.3544565392893316,0.3536659700761883,0.3683213058561089,0.3769468455675485,0.3471815343368708,0.3714152206260367,0.4043224984771052,0.511759007660839,0.317057525947593,0.3466347955509556,3553770.1992,5854226.8,28284783450.000004,8171.803911666413,,,,,,,,2092456153.8440003,5380601538.456,42511746375.0,23381460506.25,19130285868.75,331813388822.56024,264.7910034018074,69.75238857358474,2.460960909950809,3463452.6927693207,272.3251428306216,162399550090.28897,-1.5309227966116443,11858227719.665264,
2003,9050700.0,5206741.0,164249132403.906,115742639876.451,24869140410.6278,22779189596.8411,442466270.550935,37032562875.9302,39210565659.1571,,61904448600.0,43960301200.0,10227321500.0,7839531500.0,351709900.0,15847993500.0,16322409100.0,15599276728.3706,45948315469.6156,86558193432.3102,8312057000.0,15845366300.0,31749587500.0,8082399639.54305,1492659721.64642,468545313.986,1497372825.0,550740000.0,75594887.4166634,158166413.296793,45781410.2461145,197400000.0,1096941369.79827,7.65916666666666,66.3596719570179,11635395868.72,8030864313.94,17461782696.35,1566203978.05,-7.5654306950567,88.0,18.7957346068987,28.2076378858982,12.9730003183325,3529690.3854231653,2.654,69.639,17.6632890518186,36738375247.1356,3.57840976144804,30.1389419296459,9111675838.73644,13667513758.104658,3135812600.0,4703718900.0,148105785630.2964,55907010800.0,16143346773.60962,5997437800.0,0.3768936109066951,0.3774802622468498,0.3798107702306189,0.4112454765677934,0.3441532222501517,0.4279475215662325,0.4162757875488114,0.5328488714404789,0.3448519524176706,0.3668004869444122,3625922.36499,5987752.149999999,30748855940.000004,8711.48814269544,,,,,,,,2248642007.9032,5782222306.036799,54475914768.0,29961753122.4,24514161645.6,338001908978.2733,266.82979879764366,69.56340540874578,2.4710190368443783,3532486.378182764,275.2037397088632,168074126008.7126,-2.275777774747023,12123599459.314575,
2004,9204287.0,5328768.0,171103734201.755,119110747536.499,25652090805.2495,22524582322.6933,-1243367096.83687,43187577130.8584,41353607471.9963,,69626113100.0,47281175700.0,11320186800.0,8137288100.0,-463304600.0,21680451000.0,18329683900.0,15637936956.5407,48844381483.3096,88549647615.6168,9275857900.0,18687404700.0,34315208600.0,8773451751.5121,2044256550.86625,517758635.338,1724732878.03138,606221071.0,337499451.331106,210558668.516465,50586782.9261628,65430000.0,1271422924.6815,7.93626666666666,69.3043033000566,14094000000.0,10455300000.0,18946100000.0,1774000000.0,-5.3889264141617,86.0,20.242405288024,27.2111987248072,15.0163488014671,3604934.889339456,2.615,69.467,14.4698833333333,34861567995.9744,5.08868092656529,37.5739969111581,9009832929.07732,13514749393.615978,3254915240.0,4882372860.0,153031966055.4671,62278471200.0,18071768146.287903,7347641900.0,0.406923398982638,0.4069638050485929,0.396951380777051,0.4412968473385963,0.3612625523271862,0.5020066519200235,0.4432426823321867,0.5931637866157462,0.3825906712809044,0.3875250723634511,3701735.26656,6128083.199999999,34253159160.000004,9501.74142154238,,,,,,,,2927484000.0000005,7527816000.0,59878457266.0,32933151496.300003,26945305769.7,343626395852.0529,272.7262690642552,69.35168066339261,2.480154852660993,3603933.807800345,278.7153377370285,173540854184.19696,-1.4043494218688002,13160177627.26815,
2005,9360754.0,5455596.0,178668971387.08,123076380390.174,26512952293.6052,24026227760.7709,1463881902.51415,46787829524.4176,47468395782.8974,,77023817400.0,51080251800.0,12304214000.0,10006046200.0,972637300.0,27380536700.0,24719868700.0,16417149067.5072,52006894331.0967,90501985064.4965,9083204300.0,20233555600.0,36062703000.0,9549122905.32852,2622226566.01204,657166440.36676,2182590109.27999,681954426.19,622439173.907653,337040056.699114,66719820.04045,-238620000.0,1794984952.80819,8.06606249999999,73.0420445177246,17694210367.11,12489538389.62,20013216364.48,2007900402.01,-3.6902011920666,73.0,22.9723882357329,25.9831530558235,16.2151641027597,3682185.882255605,2.598,69.294,16.6150416666666,39688299830.2696,7.33080300030145,47.8301459653094,9610491104.30836,14415736656.46254,4002418480.0,6003627720.0,158926028463.1004,65379462900.0,19742942923.979584,11644354500.0,0.4310978946262058,0.4113829781833368,0.4150288758742053,0.4640831343014078,0.4164634706550766,0.5852063876079283,0.5207647802773742,0.5532753745884823,0.38905525623555,0.3984741657798976,3780400.69224,6273935.399999999,35958704595.0,9765.586460011276,,,,,,,,3497070749.0936007,8992467640.5264,56227386702.0,30925062686.1,25302324015.9,350471303820.2211,278.99562209847386,69.12451379957668,2.487981191758598,3677328.602415396,282.7824766170147,179363581902.69952,-0.3872639630916552,14323684357.99278,
2006,9521689.0,5586802.0,187239737709.483,128087090422.12,27380829283.7134,26259484698.9325,-920956945.653177,52092087708.3294,49917953342.9124,,91747795300.0,57594546500.0,13169692000.0,13116888400.0,-395752800.0,38324626900.0,30062205700.0,17116433599.4161,55613205944.6026,94088720751.3007,10034959200.0,25370327400.0,39572461800.0,11451844902.2214,3661955400.56369,687399685.94,2632100969.94311,824794485.0,1317472316.56231,602974070.716,73240336.466,280763457.0,3193982720.12097,8.01161666666666,76.1699941455487,21289078629.731,15428463542.931,21962623252.461,2810887455.95,12.1637589143791,48.0,23.2039130315004,23.9380392527656,16.8161681623874,3762215.835101685,2.575,69.121,11.8912833333333,48959127538.4958,6.90511113358437,48.8382325972114,10503793879.573,15755690819.3595,5246755360.0,7870133040.0,166818360295.3194,74977748400.0,20421377414.163605,16770046900.0,0.4900017294531454,0.4494574114459974,0.4496514544142827,0.4809822180160761,0.4995105026007318,0.7357091755389943,0.6022323370008195,0.5862762906603586,0.4561924990490906,0.4205866705808405,3861653.41042,6424822.3,41237761620.0,10961.03026180725,,,,,,,,4319969792.02068,11108493750.91032,44038941744.0,24221417959.2,19817523784.8,359207223328.1426,285.7582039665414,68.89035747271546,2.495459339968527,3752723.431829833,287.26780536399144,185896482781.93195,0.7225822175058516,17177767353.3321,
2007,9685960.0,5720169.0,195786078842.585,133427911343.598,28412578106.5369,29579640296.6515,-1301381964.8206,53701299696.3655,52100554108.4793,,103009182400.0,65127854900.0,14481703000.0,16625263500.0,-981614500.0,43053364300.0,35297388800.0,17029861137.5121,59504974501.3833,98357448651.9094,10312409600.0,29141081800.0,43788762500.0,13120108008.3477,4262826733.64491,691908732.930005,3243473509.09,896731585.55,1591246147.31376,1055366581.7028,78912289.447,366294241.538303,5313631986.14594,7.85124516125,82.8010561907833,23965710532.4254,17475369491.8954,22467377441.946,2142386179.88,1.24212165104943,36.0,23.2656060110864,21.8110433637866,16.9648657379261,3840791.76860996,2.614,68.947,12.8608083333333,62148803498.1762,4.87482833139779,47.5095338694939,11831856118.6606,17747784177.9909,6650105400.0,9975158100.0,174892284290.8048,83242253900.0,20893794551.78018,19766928500.0,0.5261312908913252,0.4759629862320723,0.4881126763071742,0.5096933810687241,0.5620509016765166,0.8017192236208363,0.6774858617915427,0.6055486604811239,0.4897251371702136,0.4452002680037994,3943884.92043,6578194.35,45783239645.0,11920.2608220465,,,,,,,,4893103457.730713,12582266034.164688,37083305664.0,20395818115.2,16687487548.8,370826502458.3869,291.2215741576267,68.65935920023068,2.5046507712045294,3829062.9402082623,291.99610444794286,193189364086.00555,1.3441292531111593,19680162012.52155,
2008,9850858.0,5853589.0,207823981739.027,140743647145.104,29523794559.8298,35102960276.8376,421079437.584103,54869053002.6296,57016056343.2616,,120693764200.0,75100239300.0,16024963300.0,20818126000.0,366936700.0,54199412800.0,45815914000.0,17475188630.3361,65800511052.2891,102311686040.062,12603330600.0,35890269900.0,48876175300.0,16674276285.8956,6271446254.13459,751626542.9,4764087001.0,1014028000.0,1992699060.96837,1134718446.9388,105883449.600716,512335605.237139,7719766413.09899,7.23832069891666,94.3988434471963,,,,,,33.0,,,,3920900.084469891,2.603,68.773,13.8733333333333,77494309364.576,5.13358898631882,51.1866049934702,14041184110.73504,21061776166.10256,8327250400.0,12490875600.0,185587385722.6872,97369775800.0,22236596016.339813,23323988400.0,0.5807499365090601,0.5246572951110706,0.5335959442814004,0.5427812901056978,0.5930589852200205,0.9877956668470748,0.8035616094555569,0.7212128502075916,0.5454405950050966,0.4777184033587487,4025688.76297,6731627.35,53553376690.00001,13658.439525688773,,,,,,,,,,39828942186.0,21905918202.300003,17923023983.7,387388137612.3051,299.6868188734955,68.44397292481688,2.518412365980666,3905530.4701864542,296.7770583248784,201363701901.88177,3.208264337677469,25011414428.8434,
2009,10016275.0,5987066.0,214800631921.311,145913367849.917,30651614071.6315,36117086043.6085,669655117.405499,48967524843.9688,51195232862.969,,121726745200.0,79733207300.0,17904500700.0,20059667800.0,598895800.0,43483988500.0,40053514900.0,18118614439.3221,67706259513.4275,107332007092.926,13575462600.0,35579126300.0,52961512800.0,17339992193.7322,4709830000.0,720130000.0,4143570000.0,1012220000.0,813540000.0,1057930000.0,103470000.0,423040000.0,8574579206.49636,7.02,97.5578575098271,,,,,,38.0,,,,3984906.2006739634,2.973,68.598,12.359625,85343106224.9766,1.99901854108232,39.5433516744626,14446834417.4434,21670251626.165096,8023867120.0,12035800680.0,193156881045.6756,102116101700.0,21643750875.635406,19610643500.0,0.5666964017340171,0.5286692410189245,0.5464421010555501,0.5841291312802632,0.5554065955315319,0.8880168772785297,0.7823680577292944,0.749255007631142,0.525492422055068,0.493436340514409,4107007.53468,6885125.899999999,56163855935.00001,14094.147542419209,,,,,,,,,,46256163176.0,25440889746.800003,20815273429.2,404135816775.29834,301.20924267561946,68.25952899716631,2.5406944970989533,3982911.396507868,301.4126061479045,210832524987.6392,1.8821132716142497,26009988290.5983,
2010,10182345.0,6120745.0,223664858124.54,151717227551.548,31592227003.4226,38812785639.8201,641041538.276246,53792113948.785,56847729269.1384,,137875568000.0,85894379100.0,19069871000.0,22849077400.0,599445900.0,56787439100.0,47324644500.0,17905162729.2538,70308280070.2529,112871018498.618,14325141500.0,41561130900.0,60048161000.0,19649723722.1034,6129300487.3046,707694436.83,5006774120.3598,1148813465.0,873745670.09457,960212746.785506,101784071.7,621997989.548348,9730683978.92494,7.01666666666666,99.9999999999999,,,,,,35.0,,,,4078672.8899056497,2.609,68.422,9.90992714868377,96125106678.5504,2.81120414194023,43.2688115125649,15525114255.92804,23287671383.89206,9139630960.0,13709446440.0,201084461298.1247,115934433400.0,22580396826.415314,21941134600.0,0.6164382243867241,0.5765459581092017,0.5661478296577507,0.6036254107041593,0.5886997550765312,1.0556833507987216,0.8324808239208191,0.8000564818433796,0.5911271170119878,0.5320069030894342,4187936.1439,7038856.749999999,63763938370.00001,15633.501408708224,,,,,,,,,,48256448800.0,26541046840.000004,21715401960.0,422741811576.3535,303.44398279495863,68.12464803872311,2.5762934137016025,4062311.3549547535,305.7337846756137,220346420564.3945,1.5060092883041554,29474585583.1551,
2011,10348929.0,6255273.0,235304584104.038,159611689151.863,33880475249.8994,48016836503.4647,1361374516.82978,56262869621.7961,66517651935.5174,,166231562900.0,100909769400.0,22901891200.0,31526855900.0,1412846600.0,73294325100.0,63814125300.0,18452321802.6623,73729745718.3541,118007110061.943,16240135300.0,50483040600.0,68176869600.0,23963164696.592,8174835184.8045,948038341.618849,7126366595.22007,1650733456.0,537204935.340689,1042996646.64181,117258563.539464,858941070.400943,11994673114.8231,6.93696249999999,109.884464198238,,,,,,31.0,,,,4172769.3988048094,2.255,68.247,10.9153923412969,118201478340.89,3.57882129837961,45.3581817460597,19206734601.38588,28810101902.07882,12610742360.0,18916113540.0,210189177582.95935,134900045500.0,25115406521.078613,31331517400.0,0.7064527175828503,0.6418030036144768,0.6322204215506366,0.675961332628237,0.6565791958769535,1.3027121722139454,0.9593562527111116,0.880113379426153,0.6847038479265076,0.5777352700546039,4269036.16431,7193563.949999999,74195025025.0,17780.763309434595,,,,,,,,,,51531784499.0,28342481474.45,23189303024.55,449621557501.00055,306.63079555892887,68.06133538095972,2.634328419959835,4145267.8489821777,309.56959703187584,230221602519.46436,2.2078647394281337,35944747044.888,
2012,10515807.0,6390348.0,247357533356.379,166962681693.293,35535623687.036,49229573137.8201,-1660872873.87039,63743347448.7334,69365209958.9408,,187153877600.0,111363573400.0,25152783000.0,34366836800.0,-1291147000.0,88273365900.0,70711534600.0,19217989561.3814,77566576757.8229,124365044935.846,18363841500.0,54900129500.0,75691563400.0,27084497481.9103,11132827855.4157,1125167106.49696,7997488634.57405,1921422621.98738,1970039110.21655,1110532146.98188,147112672.285848,1059965390.7848,13924289443.0799,6.91,114.8464102656,,,,,,30.0,,,,4260040.745404824,2.066,68.07,11.1349478606742,141095336029.238,3.58582706729094,50.0146584363154,19691829255.12804,29537743882.69206,13746734720.0,20620102080.0,221149611255.0503,148955534400.0,26207922101.328705,38198343200.0,0.7566128068165973,0.6735509664912349,0.6669967939576616,0.7078188136367551,0.6980933331229322,1.3848247610622466,1.0194092202972662,0.9555547650469218,0.707780745196585,0.6086240988297449,4349909.883599999,7348900.199999999,81925543920.0,19231.164398690456,,,,,,,,,,56146163280.0,30880389804.000004,25265773476.0,476370052763.7706,310.5078428838674,68.09456987496135,2.724245885907857,4232934.969669887,312.72614832175424,241879064664.4579,2.2649619137237176,40626746222.86545,
2013,10682608.0,6527026.0,264167979591.566,176858917920.538,38836965375.3175,55002735766.6245,-506545008.358956,66353571596.8442,75038848507.56,,211856031700.0,127509169700.0,29324083000.0,40379933000.0,-89731500.0,93412577400.0,78679999800.0,20118375748.7867,83407392221.3459,132237384610.736,21115647200.0,60417511800.0,85191085100.0,30659338885.6729,11538700931.3342,1213954465.82258,8729181721.16208,2331501739.0316,1053982417.12107,1201339478.59818,172158814.237793,1749612614.3979,14429068711.377,6.91,121.434460016488,,,,,,32.0,,,,4323400.696195673,2.437,67.893,11.0513992821175,166645874523.672,3.31838837807072,54.5398474110676,22001094306.6498,33001641459.974697,16151973200.0,24227959800.0,235763152580.8686,166724244100.0,28404827010.69742,45131787600.0,0.8019746830314322,0.7071683690809669,0.7209654520067196,0.7550559812440102,0.7341440827840136,1.4078002909558938,1.0485235496660528,1.0495701772183792,0.7243663923656127,0.6442284483376236,4431393.76218,7506079.899999999,91698334255.0,21209.769970127654,,,,,,,,,,67793930144.0,37286661579.200005,30507268564.8,507554285892.2066,319.6752632014936,68.2511870180036,2.8516988973802766,4327736.017380399,314.9801556355828,253105519210.6301,4.37069109177739,45989008328.50935,
2014,10848888.0,6666920.0,278593055730.687,186444888011.765,41446473934.7839,60452450424.9489,386747254.043936,73563193342.7745,86356805766.3942,,228003659200.0,143499688800.0,33532604500.0,47839840900.0,117986000.0,98709824800.0,95696285800.0,20886909561.258,87774957313.668,139271274802.667,22208052400.0,62987150600.0,94542516800.0,32996188017.3661,12809705325.3416,1191842304.71472,9893765587.48859,3024822580.46397,566230700.557408,1176966248.36875,180137043.898414,656566350.80003,15129277524.0077,6.91,128.437100493446,,,,,,38.0,,,,4423332.056231088,2.021,67.716,9.69422821628935,192715687688.522,3.03332355757079,51.740358250386,24180980169.97956,36271470254.96934,19135936360.0,28703904540.0,247933141677.593,179737719800.0,30659914053.094025,48265939400.0,0.8184111359200882,0.7249443079042943,0.7696627691446541,0.8090580769974212,0.791363138528068,1.3418371377660625,1.1081499014550196,1.0632521931914962,0.7175981911892296,0.6788371610294871,4514571.5472,7666957.999999999,98855745890.00002,22348.7055986998,,,,,,,,,,86641390496.0,47652764772.8,38988625723.200005,542629022022.5452,323.058877945387,68.55777660861246,3.015758081352622,4432851.103283967,316.08615300931626,264818502080.428,5.201507274622208,49494282026.04915,
2015,11014705.0,6807096.0,292124841917.212,196139114740.907,45246058153.9668,63471694444.3796,-1298636193.73213,69209208845.0516,81688721886.6611,,228031369900.0,156018420400.0,39894677000.0,48732720000.0,-2485046500.0,70389398300.0,84518799200.0,21955503604.8893,90075688742.8839,147622864571.298,23349258700.0,57469415100.0,104840615400.0,33000198248.9146,8684018275.65134,1243394801.36305,9071898887.29365,2835251387.9661,-1936209393.39835,1190958193.96266,210175743.521405,554643532.297183,13049620686.0687,6.91,133.651146397122,,,,,,43.0,,,,4454352.1136745075,3.111,67.538,8.07325379670779,218038615945.278,1.14024731448316,46.1471961581206,25388677777.75184,38083016666.62776,19493088000.0,29239632000.0,259654056919.0712,185659289200.0,32470784998.140778,42372080700.0,0.7805956124903064,0.7150255667211322,0.79544776474644,0.8817271300019838,0.76778665555722,1.0170524916357684,1.0346446516480632,1.0634808984659463,0.6380124970683632,0.7101922571714133,4597376.49648,7828160.399999999,102112609060.00002,22924.233750296124,,,,,,,,,,98053489057.0,53929418981.350006,44124070075.65,578969265365.7975,327.74948003498173,69.03734657513381,3.2113470758266196,4548523.177745798,315.84562555456864,276585845519.3157,5.618145920923889,49500297373.3719,
2016,11180020.0,6945218.0,304580814000.124,202802851858.032,45955116069.0692,65639346046.5692,1308583949.05216,65254357141.0433,78263784879.9889,,234533182000.0,161615430600.0,40945394400.0,48479144300.0,907356500.0,57432498600.0,74846642300.0,22643469027.4368,93686251533.2624,155844454694.321,26201754900.0,59398715600.0,116802995000.0,33941126193.9219,7029946630.03064,1244740246.41451,7930773107.40541,2857927957.17761,-1907244254.76485,1246634759.3559,222250464.340478,335365530.426077,10053627485.0797,6.91,138.493613869075,,,,,,48.0,,,,4514584.928466152,3.498,67.359,7.95202606117997,218044047269.261,0.788114698375915,31.1663267980126,26255738418.62768,39383607627.94152,19391657720.0,29087486580.0,272174175255.0202,202403465500.0,32406638745.10382,32129716500.0,0.7700195521832984,0.7436541887574497,0.7969090627637504,0.8909866387555254,0.7385683621163054,0.880132777583927,0.95633813793661,1.1571440254252416,0.6340174212105291,0.7494844473555485,4678229.39262,7987000.699999999,111321906025.00002,24658.281500714187,,,,,,,,,,112575927360.0,61916760048.00001,50659167312.0,615660148144.0768,329.9584606389027,69.7044870798274,3.4234419379904684,4675395.357277091,314.12978563231445,287543917336.3588,5.924972025694442,50911689290.88285,
2017,11344587.0,7081896.0,317358607600.0,212397001077.191,48224355942.1507,73365902399.3101,3306821778.72952,62008275240.6996,82631440399.6843,-6.45808411,317358607600.0,212397001100.0,48224355900.0,73365902400.0,3306821800.0,62008275200.0,82631440400.0,24364055761.0512,95793499160.0881,163473426476.71,24364055800.0,95793499200.0,163473426500.0,45927439594.7902,8133837886.97646,1454951845.50222,8680869448.02264,3081140402.42899,-1898241784.31147,1407996988.86426,232927804.367505,712474137.775022,10245969449.673,6.91,142.402953510878,104283816843.02,46680052332.99999,124561857717.032,2040575982.1080005,,53.0,,,,4682933.990941608,3.655,68.634,8.10989203240817,239826990837.713,1.02986757658124,33.2474626156162,29346360959.724045,44019541439.58606,29346360960.0,44019541440.0,283630981397.8493,283630981500.0,33727626202.150696,33727626100.0,1.0,1.0000000003601537,1.0000000001073883,0.9999999991259456,1.0000000000094036,0.9999999993436424,1.0000000000038207,1.0000000015986172,1.0000000004166452,1.0000000001424696,4860588.50064,8144180.399999999,155997039825.0,33311.81693501371,1768699516.1079998,271876466.0000004,40749554030.0,32078882881.0,35024390840.0,-20278040874.012005,12469648116.0,13070414653.24,33609637679.759995,168200062028.0,92510034115.4,75690027912.6,658243043136.183,326.95767550761985,70.55879481920168,3.636015254274099,4815212.404693723,310.9288841483322,297374027253.0803,6.7203516499145355,68891159392.1853,
2018,11508368.0,7217995.0,326460719200.0,219030959381.824,49861186154.4756,76585181517.874,3334792539.88636,63181473866.9532,86250631730.2934,37.18858337,334541008400.0,221159477000.0,53788348400.0,76353295000.0,3311757700.0,68096019400.0,88891347700.0,25080027983.0501,98202468447.6807,168159727944.829,24924489400.0,101651921700.0,175069420300.0,48414038842.2576,8940200488.77685,1458805538.29214,9301944791.5431,3089472122.59663,-1724978180.94975,1388281653.93941,251815643.315126,302368781.37636,8929614182.53613,6.91,145.638433874571,107691496961.94,48673327502.99999,130361705566.5912,2548443903.165,,55.0,,,,5000008.236896981,3.519,71.798,8.03724252665112,249733082308.431,1.4498952900262,34.8526923233055,30634072607.149597,45951108910.7244,30541318000.0,45811977000.0,291442224375.5598,301645831400.0,35018494824.440186,32895177000.0,1.0247511836027343,1.0350107368494812,1.0097178847418802,1.0787619097820418,0.9969721751221564,1.0777845977983322,1.0306167725004514,0.9937983090307868,1.0351259322382214,1.0410900543169168,5182376.0501,8300694.249999999,165905207270.0,33180.98679232602,2194926339.165,353517564.0,36428341886.0,37119218500.0,38154188519.0,-22670208604.651203,13401281794.0,13628531700.839998,35044795802.159996,183997554620.0,101198655041.00002,82798899579.0,701916072497.2478,315.18729498393697,71.5764116189668,3.83378519172754,4968313.830986152,306.3914587584665,307231287512.5642,6.258943170509412,72621058263.3864,
2019,11671386.0,7353733.0,331379571500.0,223162742256.462,50726137807.4083,80103180763.3763,-1944413486.12519,64092381014.5257,85611466179.3224,86398859.0836868,338981407200.0,226807135600.0,54627702200.0,77674895700.0,-1551185200.0,67957094000.0,87367486000.0,25874885015.5699,99462301015.3047,171210872745.494,25874053000.0,103262981200.0,180830288000.0,49056643589.0014,8827819915.73656,1443285122.84592,9085852594.24741,2871435057.8404,-1366094867.23347,1335620196.92987,275421573.736587,-216636843.1305,6455449941.67879,6.91,148.317518475357,107056336298.52,47825277398.00001,127461099933.5048,2644765101.5292,,58.0,,,,5252587.818006085,3.682,74.158,8.39953170954601,245833546161.457,1.0303191682966,32.0714901886577,32041272305.35052,48061908458.02578,31069958280.0,46604937420.0,296548058776.3686,309967322200.0,34831512723.63141,29014085000.0,1.022939964782953,1.0452515638746809,1.0163306531667808,1.0769142805116516,0.969685535078196,1.060299101457916,1.0205115027115577,0.9999678446659996,1.0382122688284727,1.056184604985954,5453381.31814,8456792.95,170482027210.0,32456.76857140411,2542063258.5292,102701842.99999996,31718930462.000004,37177966896.0,39030112824.0,-20404763634.984795,13143944144.0,13391077671.440004,34434199726.560005,196609216176.0,108135068896.8,88474147279.2,746923449635.7617,302.7932311600174,72.71423135664091,4.0016597648580765,5133233.25877131,300.8263350321547,316125286957.9883,4.825392074389456,73584965383.5021,
2020,11816299.0,7482810.0,289229849600.0,197884884579.59,49615818313.4137,47866956094.137,5075276140.26275,48766449430.2715,59808888104.9447,610885421.32531,292388248000.0,198525555300.0,54403676500.0,46179012000.0,4092771500.0,49331023500.0,60362621300.0,27090793572.779,79517525297.5765,153652393687.701,26677667100.0,79751072300.0,163087965000.0,42313784081.042,7013096617.01611,424590270.351746,6333861464.06692,1728570355.87811,-15915747.1054326,1126517920.43532,215679931.571257,-1129487271.3377,5247234668.79634,6.91,149.712803892505,85491587179.92761,36564902514.0,117567515966.80182,2764957375.3092003,,79.0,,,,4980032.749411847,7.903,72.264,7.59222372184479,268645239885.776,0.497346305966912,29.4701072049889,19146782437.6548,28720173656.4822,18471604800.0,27707407200.0,260260712558.0565,269516704400.0,28969137041.943512,22871543600.0,1.0109200291891312,1.0355643068481908,1.0032375930166224,1.0964986238127186,0.9647367572147804,1.011577100164648,1.0092583763484062,0.9847503000726376,1.0029370506885054,1.0614085539824183,5407377.818399999,8605231.5,148234187420.0,29765.705343505375,2438976824.3092003,325980550.99999994,16787599346.0,38498966562.0,34026362070.000004,-32075928786.874203,22164556201.0,10238172703.92,26326729810.08,230986715920.0,127042693756.00002,103944022164.0,757444233248.1106,270.431703504004,73.9313637935525,4.121399136255719,5304141.7693522265,294.63029690108885,324182796064.3335,-10.781863469829888,63470676121.563,
2021,11937360.0,7602848.0,318236852600.0,213313002942.29,51778544773.9785,57334992534.0345,2237617700.11497,67025471019.142,73391829504.8876,554479257.608322,330836236500.0,217652371900.0,56198676200.0,56384912700.0,2370334900.0,77920256300.0,79779731500.0,27994626937.7931,93978478548.1406,164622979127.397,29146735700.0,102042446000.0,173886657100.0,47877892402.3155,11145698861.1571,449143893.181477,8216070562.33978,1960590716.2119,1591562617.75109,1417462508.76988,293731382.457237,583576424.725665,4730168839.86019,6.91,150.816761737338,99728610923.66002,42927246320.0,125674292781.6242,3360851659.8580003,,84.0,,,,5613278.998881312,5.089,77.79,8.01711817014333,190763171152.764,1.26335187425347,21.4767656503189,22933997013.6138,34400995520.4207,22553965080.0,33830947620.0,286596084613.3307,305075838800.0,31640767986.66931,25760397700.0,1.0395912157786342,1.064480134861583,1.0203427306252115,1.0853660805902536,0.983429319652034,1.1625469409643765,1.0870383261761718,1.041154638880061,1.085806533330167,1.056272083166677,5914255.4592,8743275.2,167791711340.0,29891.92437672165,2204643683.8580003,1156207976.0,20956219644.999996,39479007784.0,44037367167.0,-25945681857.96421,14246679467.0,12019628969.6,30907617350.4,277902438660.0,152846341263.0,125056097397.0,776907014119.7396,275.43254546033467,75.20135637746372,4.171566870861896,5478937.785374441,288.2197972582396,324873741268.6681,-2.0429132384631288,71816838603.47325,
2022,12077154.0,7732083.0,330162517100.0,225847608723.964,52627301576.9224,59640875403.2821,1803402720.21443,74404968352.0063,84483959901.1618,749361664.568794,352127256300.0,237731838000.0,57689369700.0,61202075100.0,1870012800.0,97870219700.0,104690750600.0,28475585557.7253,95854140385.8572,173535353832.714,30495223300.0,112748584900.0,186128716600.0,50959081953.6903,13794787927.9197,888122518.825347,10755744304.5643,2709212343.45289,1154275493.20957,1459221074.91624,319306430.893004,6236980.0828294,3752070996.50723,6.91,153.450518176398,117727542368.0,49455127364.99999,139301597838.41238,4592686493.372,,82.0,,,,5836714.104464813,3.552,78.267,7.76498872156728,200498496606.203,,22.7288338190063,23856350161.31284,35784525241.96925,24480830040.0,36721245060.0,297865079776.2965,329372524800.0,32297437323.70349,22754731500.0,1.0665270527767006,1.1057775723403571,1.0526205672186737,1.0961871114687245,1.026176673064594,1.3153721030695251,1.2391790195733985,1.0709252400861264,1.1762515885712903,1.0725694360782867,6051669.40161,8891895.45,181154888640.0,31037.135860642033,2724148190.372,1868538303.0,20957257092.0,41128150923.99999,56122130523.0,-21574055470.412395,15213760216.0,13847435662.2,35607691702.799995,288744350166.0,158809392591.30002,129934957574.7,797702538817.0347,276.38005367753647,76.48108291820115,4.168542542255481,5667070.678676363,281.769303062607,327270600142.1132,0.8836470360096493,76438622930.53545,
2023,12244159.0,7873868.0,338470614100.0,231711175446.23,54804644407.5865,61416153077.3798,2245327038.38589,68336574165.0061,81067139595.4669,-248826666.634079,361670830000.0,249430323400.0,60952582800.0,64044874300.0,2230920600.0,81024427200.0,98394415600.0,30393959884.9489,96331957773.5067,179023954934.152,33675099000.0,107677384700.0,194570955900.0,52340206946.4544,10793376159.7197,1111040406.34534,10531914109.1752,2490219579.24719,-1171249704.06945,1448643182.89681,332201491.417086,240143401.66707,1799951502.87318,6.91,157.40476617273,110087179097.585,50872501262.99999,144234135800.2384,6635180944.07777,,83.0,,,,5984910.437190783,3.024,78.38,8.68601452432374,202759698749.475,,19.7390284484517,24566461230.95192,36849691846.42788,25617949720.0,38426924580.0,305749872592.6076,335923439600.0,32720741507.392395,25747390400.0,1.068544254459696,1.098687095930852,1.0764708388347968,1.1121791493927191,1.0428017889578367,1.1856670924760977,1.213739822214006,1.1079536568275832,1.1177742795715664,1.0868431320912693,6171537.738399999,9054948.2,184757891780.0,30870.619321535287,4333360671.3516,2301820272.72617,21656410336.0,43046595717.0,54529809230.0,-34146956702.65342,17632020399.0,14244300353.64,36628200909.35999,300186788900.0,165102733895.0,135084055005.0,819233564953.5626,276.1250304974032,77.75330366181677,4.137880055306731,5868863.513732365,275.32540875521187,329897812946.2564,2.5986232152257926,78510310419.6816,
2024,12413315.0,8015521.0,334668384300.0,235638324082.734,55121634613.743,54752362376.7613,-2575799078.2084,58449118304.2419,72600461380.9206,-56172651.4958572,379229972700.0,264046607600.0,62700707800.0,62985592300.0,-3380767900.0,81288181400.0,96865988300.0,29210539274.793,93678651980.357,180620753679.285,33471819000.0,118543775100.0,202366446900.0,54881327452.9667,8930066977.20469,1151256770.66898,9151819124.47125,2212973309.29707,-1304994421.71901,1279661295.86324,245822433.535511,357888161.773056,1977025889.30984,6.91,165.432040421687,115942330629.6,51774714916.0,148871621883.2358,9206775213.6952,,85.0,,,,6072997.623498918,3.274,78.33,8.80431027070166,226680234021.841,,18.9433899156143,21900944950.70452,32851417426.056774,25194236920.0,37791355380.0,303509944934.435,354382041000.0,31158439365.565,24847931700.0,1.1331514731910095,1.1676126167020804,1.1205588421486636,1.1374972502061356,1.150372140412578,1.390751199648132,1.3342337838841392,1.1458815835311962,1.2654299842493126,1.1203942115053247,6278557.5993,9217849.15,194910122550.00003,32094.54945212112,4721391400.6952,4485383813.0,19314694609.0,44764380912.0,55448785581.0,-32929291253.635807,18831296208.0,14496920176.48,37277794739.52,322345476795.0,177290012237.25,145055464557.75,833024249082.6458,268.81099982400906,79.01863802518059,4.0989678894633474,6074136.919662758,268.88081628322453,332284296494.1811,0.717484344271635,82321991179.45004,
2025,12549861.464999998,8119722.772999999,314966040089.7711,225068096864.45062,51876676601.86697,46196366844.009674,-2575799078.2084,60503728554.76277,66046857045.614716,-56172651.4958572,368422922824.8406,260341588925.25018,60914046003.7889,54858145555.30668,-3482190937.0,84987089401.42848,89884386949.41785,30129435958.049812,89227664186.57706,170411656737.96255,35639014527.143135,116555451362.01718,197090231965.18277,53317354967.41542,9336417514.593817,,8492203155.223023,,-208158379.10183752,1343644360.656402,,,,6.91,170.85826886087304,112638281266.53049,50299272660.247696,144629174928.86298,9886385596.374815,-8.683198487500716,96.17652662339763,,,,6057126.09221756,4.764846447113746,78.33,8.80431027070166,,,,20611657227.591064,25584709616.418613,24476332967.710102,,289768756882.5894,349257131193.8153,,19165791631.02527,1.1697226873088706,1.205296026221798,1.1567236429872305,1.174208719484484,1.1874991325734565,1.4046587116446134,1.360918459561822,1.1828636479210726,1.3062703414301768,1.1565536990714382,6360178.848090899,9337681.18895,193523840620.18976,31949.749523976465,,,,,,-31990893662.33249,,14083796344.869356,36215476315.37834,354336370457.3325,194885003751.5329,159451366705.79965,837569491542.9531,,79.01863802518059,4.0989678894633474,6153100.699618372,264.566744058306,331766785411.0529,-5.064022699097492,86438090738.42255,-22104508065.957672
2026,12687909.941114996,8225279.169048999,315430010440.60785,226378665788.29678,51953230419.98392,45324145112.88844,-2575799078.2084,62809211090.76409,68403270241.62118,-56172651.4958572,378078433557.6848,268324970168.36255,62510624726.57738,55151699997.12418,-3586656665.1099997,89107760585.46893,94953098629.54248,30885008264.961586,89909196432.3346,169401404908.06308,37435047482.11762,120346416728.14706,200760741485.55164,54714679241.34367,9789101644.448376,,8971090877.370956,,-261942221.27045107,1410826578.6892223,,,,6.91,175.13070739620954,115590269501.57085,51617499993.3938,148419570325.81815,10867551249.64558,-8.68319848750072,102.40353242008145,,,,6116042.4347785795,5.0725714795967765,78.33,8.80431027070166,,,,20642080267.548744,24682064845.339695,25117875488.97009,,290195609605.35925,358410350957.96,,19668082599.724792,1.198612754156038,1.2350646911762961,1.1852926565937658,1.2032095833357945,1.2168282459549615,1.4187052987610596,1.3881368287530584,1.2120782730884654,1.338532892113205,1.1851185153659605,6442861.17311608,9459071.044406349,199149681859.16122,32561.820301541607,,,,,,-32829300824.2473,,14452899998.150265,37164599995.24353,387165671281.57983,212941119204.86893,174224552076.71094,841015535710.7778,,79.01863802518059,4.0989678894633474,6233091.008713411,260.32188918931155,329577061416.4208,-4.292486532592177,90759995275.34367,-21961749574.60173
2027,12827476.95046726,8332207.798246634,318331012751.797,229143153268.28604,52431192213.18518,45282420712.32656,-2575799078.2084,65351288982.59337,71245070694.8899,-56172651.4958572,390438604069.2557,277924853092.8098,64554410748.27209,56383732699.69297,-3694256365.0633,93641362160.07518,100875864628.66576,31511062368.695004,91239265028.51006,170114204334.44818,39083065234.616844,124969989030.00389,206299068627.55682,56503415928.98056,10287149023.685162,,9530668951.076982,,-358778825.5607114,1481367907.623684,,,,6.91,179.25575480969061,119369155874.62778,53304983448.336784,153271714837.7883,11874430980.16001,-8.683198487500716,107.84492769317751,,,,6228164.432435201,4.572872490567903,78.33,8.80431027070166,,,,20831991857.046432,24450428855.28013,25939115413.033985,,292864531731.65326,370127530933.7294,,20311073135.526306,1.226517644932324,1.2638182191105027,1.2128874423204303,1.2312214928433043,1.2451572114020057,1.4328923517486702,1.4158995653281197,1.2402966544677443,1.3696952621325238,1.212709246912553,6526618.368366588,9582038.96798363,207187380581.54318,33266.16429417229,,,,,,-33902558963.160522,,14925395365.534302,38379588082.80248,421068230244.74036,231587526634.6072,189480703610.13318,844247592426.7778,,79.01863802518059,4.0989678894633474,6314121.191826684,256.14514111477814,327205076253.0548,-2.712080021153085,95297995039.11089,-22028127983.00052
