year,BOLSPPOPTOTL,BOLSPPOP1564TO,BOLNYGDPMKTPKN,BOLNECONPRVTKN,BOLNECONGOVTKN,BOLNEGDIFTOTKN,BOLNEGDISTKBKN,BOLNEEXPGNFSKN,BOLNEIMPGNFSKN,BOLNYGDPDISCKN,BOLNYGDPMKTPCN,BOLNECONPRVTCN,BOLNECONGOVTCN,BOLNEGDIFTOTCN,BOLNEGDISTKBCN,BOLNEEXPGNFSCN,BOLNEIMPGNFSCN,BOLNVAGRTOTLKN,BOLNVINDTOTLKN,BOLNVSRVTOTLKN,BOLNVAGRTOTLCN,BOLNVINDTOTLCN,BOLNVSRVTOTLCN,BOLNYGDPMKTPCD,BOLBXGSRMRCHCD,BOLBXGSRNFSVCD,BOLBMGSRMRCHCD,BOLBMGSRNFSVCD,BOLBNCABFUNDCD,BOLBXFSTREMTCD,BOLBMFSTREMTCD,BOLBFCAFFFDICD,BOLFIRESTOTLCD,BOLPANUSATLS,BOLFPCPITOTLXN,BOLGGREVTOTLCN,BOLGGREVTAXTCN,BOLGGEXPTOTLCN,BOLGGEXPINTPCN,BOLGGBALOVRLGD,BOLGGDBTTOTLGD,BOLGGREVTOTLGD,BOLGGEXPTOTLGD,BOLGGREVTAXTGD,BOLLMEMPTOTL,BOLLMUNRTOTL_,BOLLMPRTTOTL_,BOLFMLBLPOLYFR,BOLFMLBLMTWOCN,BOLNVOILTOTLGD,BOLBXGOILSHRPC
1990,7130142.0,3966055.0,106000145693.88,77892584544.9792,16101197362.5566,13555276150.7216,-19157960.1770541,18462131909.3134,20931239671.2734,,15443135928.0,11869886152.0,1815415000.0,1939424556.0,-4100536.0,3517480312.0,3694969556.0,10301098559.8122,30742676125.3866,52964439005.5423,2371077205.0,4923974890.0,7121414173.0,4867582597.51312,830800000.0,145900000.0,775600000.0,310600000.0,-198900000.0,4599999.905,7700000.0,27200000.0,510931171.639825,3.17265,26.335044640285,2111900000.0,1117500000.0,2191700000.0,145700000.0,-1.65445671909649,,13.6753312918195,14.1920657191537,7.23622459330852,,,69.002,41.8133333333333,3779600000.0,2.75361755081365,
1991,7280289.0,4055020.0,111582671634.805,80481251289.2334,16639111624.6063,16139951263.3933,901218883.51691,19808722933.7706,23566339295.7512,,19132128300.0,14891257800.0,2310153000.0,2771102000.0,209256800.0,4109456200.0,5159097400.0,11316775072.062,32038130092.5259,55260846246.3995,2973533700.0,5855625100.0,8917330800.0,5343262457.10226,760300000.0,157000000.0,804200000.0,311200000.0,-262600000.0,3400000.095,8600000.0,52000000.0,422359443.149442,3.58060833333333,31.9831400506551,2841300000.0,1517700000.0,2779600000.0,204900000.0,-0.430689146068501,,14.8509353243256,14.5284411457768,7.93272957509908,,2.935,69.329,41.1475,5697100000.0,1.37366238218404,
1992,7430336.0,4145535.0,113419878296.005,83342802929.9752,17253478004.3621,18087477445.6957,221613207.553922,20029155461.7488,25905064603.6769,,22014006000.0,17488916500.0,2833313000.0,3591710600.0,85582900.0,4412875200.0,6398392000.0,10837496767.8745,32614273507.2713,57565103407.7882,3170942400.0,6639617900.0,10460944200.0,5643868748.68126,608400000.0,164600000.0,1040800000.0,311000000.0,-533900000.0,3799999.952,8900000.0,93100000.0,479572082.597047,3.90051666666666,35.8404102387903,3339900000.0,1959200000.0,3866100000.0,318200000.0,-2.60743092374918,,15.171704777404,17.5620012095936,8.89978861639267,,3.03,69.285,45.5116666666666,7661100000.0,1.42097317088114,16.4779970409837
1993,7579195.0,4235469.0,118262108755.566,86113882155.05,17690470149.5468,18562920255.5496,-104710730.325048,21091621802.7389,25716370897.3394,,24458969300.0,19413422200.0,3270271000.0,4075936400.0,-24607700.0,4666958500.0,6943011200.0,11286553562.7158,34383629679.5439,60024535639.4507,3582740600.0,7002221900.0,11969203800.0,5734699488.84934,715500000.0,181400000.0,1111700000.0,321700000.0,-505500000.0,4199999.809,9500000.0,123800000.0,572438127.381548,4.26508333333333,38.8968363247954,3923700000.0,2327600000.0,4984100000.0,450300000.0,-2.64606407597069,,16.0419678845584,20.3773917815907,9.51634540053983,,3.05,69.52,53.8766666666666,10243100000.0,1.3937400044077,12.7383036713833
1994,7727322.0,4324443.0,123781714887.193,88640144016.8474,18244597227.2771,17074517498.9897,-414265701.740249,24275718880.5231,25550598645.1026,,27636341900.0,21444454300.0,3749673000.0,4104405000.0,-132732400.0,5986946900.0,7516404800.0,12039631885.9903,35991854448.1907,62618860548.297,4212963200.0,7775029500.0,13354324700.0,5981222858.82727,985100000.0,196000000.0,1015300000.0,337500000.0,-90200000.0,4500000.0,9800000.0,130200000.0,793388690.272345,4.62051666666666,41.9595904151193,4528600000.0,2776200000.0,5244300000.0,610300000.0,-3.5721080726679,59.1717241709186,16.3863944670622,18.9761004512685,10.0454684272089,,3.08,69.8,55.5733333333333,12723100000.0,1.32063764470926,9.52179302499781
1995,7874676.0,4414011.0,129572565886.25,91252401560.458,19454287910.6036,19430922219.2453,-635542520.799411,26489249296.9572,27829624959.8279,,32235072900.0,24440155400.0,4375144000.0,5007243800.0,-93328200.0,7269467200.0,8763609200.0,12208635651.0345,38506816721.5762,64915903481.6424,4789905900.0,9394189100.0,15063715000.0,6715161732.22658,1041400000.0,192400000.0,1223700000.0,350200000.0,-302500000.0,5400000.0,9200000.0,392700000.0,1005482847.42788,4.80034166666666,46.2366182230716,5233800000.0,3134000000.0,5707800000.0,727700000.0,-2.7882673099213,57.4113793922892,16.2363522993615,17.7068003466498,9.72232949409585,,2.664,70.085,51.0175,13697400000.0,1.67539093460871,12.9404641892439
1996,8021736.0,4504346.0,135223668561.107,94232596491.6259,19961168998.6565,21709841142.219,161975732.289215,27567006620.1621,30039369150.121,,37536646800.0,28200555400.0,5002609000.0,6072066400.0,22842000.0,8476477000.0,10237903000.0,13027137070.9401,39685300515.4374,68490681399.5311,5324453000.0,10493326900.0,17833808000.0,7396949126.35685,1131990000.0,180940000.0,1368000000.0,363420000.0,-379690000.0,10700000.0,13000000.0,474100000.0,1301661210.80997,5.0746125,51.9817430329974,6444200000.0,4614700000.0,7069000000.0,749500000.0,-2.58334210076538,47.8828066229933,17.167756177944,18.8322628754362,12.2938525238754,,2.375,70.341,55.9666666666666,19154161924.68,2.08266621438735,13.0738735089195
1997,8167900.0,4595614.0,141922931371.563,99348482207.8886,20631889990.4661,27520052805.7989,714587743.386781,26985282713.5221,34106431464.2868,,41643866100.0,31113364500.0,5789967000.0,7899404700.0,276106200.0,8791271200.0,12226247600.0,13620492742.7532,41159215191.5572,73617220432.4445,6212539900.0,11008601600.0,20497255400.0,7925736821.45034,1090000000.0,323840000.0,1643600000.0,418740000.0,-553500000.0,84900000.0,12000000.0,730600000.0,1359051283.44007,5.25425833333333,54.4292744812108,7070100000.0,5255600000.0,8199200000.0,709200000.0,-3.08496813651987,46.5365054086561,16.977530335494,19.688854008682,12.6203460249816,,2.08,70.66,50.05,22786656415.59,1.64557088716868,8.41558907225538
1998,8313394.0,4688349.0,149060739069.545,104567479796.1,21416066102.3344,35560518791.8334,788318962.169434,28734584620.4824,41715834197.7204,,46822325700.0,35144093500.0,6657606000.0,10840874200.0,212243500.0,9223382400.0,15255874000.0,13017216449.8351,44073695687.654,78175943194.4955,5911520600.0,12236263000.0,24215181500.0,8497494652.12546,1032000000.0,323200000.0,1759500000.0,440500000.0,-666100000.0,88400000.0,15100000.0,949300000.0,1218866920.23489,5.51013333333333,58.6057573316524,8279900000.0,6342800000.0,9212900000.0,775700000.0,-2.85697043024072,47.0751925934341,17.6836581186739,19.6762972839685,13.5465291507295,,2.121,70.491,39.4116666666666,25845352199.0,1.24033297671521,7.28497112896233
1999,8459806.0,4783299.0,149697057635.436,107456053270.121,22103569309.5875,30128225734.7922,-188212166.055499,25055179493.8408,34565378874.9126,,48156174800.0,37001622000.0,7126099000.0,9196540100.0,-156734200.0,8129195400.0,13140547400.0,13343571214.4637,43209281398.9297,81545021902.5567,6384541600.0,12108338700.0,26110334500.0,8285064434.56826,1005500000.0,305100000.0,1539000000.0,449700000.0,-488000000.0,96000000.0,32100000.0,1010500000.0,1248580099.5968,5.81240833333333,59.8713581954227,8619200000.0,5797900000.0,9874000000.0,627600000.0,-3.21018022386612,56.2575829839375,17.8984315838973,20.5041202732739,12.0397851865925,,2.299,70.322,35.3691666666666,26680306596.57,1.83148099301924,5.26722651510801
2000,8606326.0,4880705.0,153451176627.565,109930929813.183,22562997756.6471,27447138728.5681,132103032.335827,28823631642.0256,36179553863.4206,,51928492100.0,39655456200.0,7550039000.0,9288698100.0,132936800.0,9489799500.0,14188437500.0,13807311049.8779,44260681289.2965,82992735999.5596,6732950600.0,13365886100.0,27086846400.0,8397855484.76908,1139092096.03,330932000.0,1610160000.0,467680000.0,-446349903.97,126870000.0,37000000.0,736350000.0,1184108227.67536,6.18354166666666,62.6303680784417,9244300000.0,6403200000.0,10673200000.0,890500000.0,-3.99761270942046,60.1091977404058,17.8019804276196,20.5536490053406,12.3308028811412,,2.439,70.152,34.5958333333333,27094684561.77,3.20071915897547,12.1942402416879
2001,8752736.0,4982127.0,156034986200.326,111326215935.477,23208915269.0626,21559990628.9599,839227623.20137,31238252672.2653,34356098175.892,,53790326600.0,40499252900.0,8458061000.0,7491256800.0,183780700.0,10743084300.0,13585109100.0,14285165667.8223,44352448395.7609,84376421963.3404,7130259400.0,13673864900.0,28322638400.0,8141516928.39489,1188657425.88972,332040844.082,1580000000.0,399443800.0,-274011530.02828,135280000.0,36380000.0,705756000.0,1146023735.30062,6.60691666666666,63.6259740912743,9095040000.0,6337870000.0,13041420000.0,1102970000.0,-6.61152334405049,68.3398527645303,16.9083189764458,24.2449169289855,11.7825460461138,,2.623,69.981,20.0570612222166,34145254293.2672,2.70191454521148,22.4397697760694
2002,8900355.0,5090632.0,159913338356.362,113602461857.98,24011268714.4853,25550276793.7907,895937584.149183,33016721499.2706,38855032453.4799,,56682328500.0,41842207100.0,9050972000.0,8870584300.0,365616000.0,12262912900.0,15709963800.0,14349064286.2639,45540670125.5426,85521142944.9304,7343262900.0,14439012200.0,29644603900.0,7905485146.44351,1184341415.90552,370970703.156367,1638700000.0,433295000.0,-351932880.938109,112900000.0,37880000.0,676543000.0,892729137.789947,7.17,64.2165878277003,10416540714.81,7473057692.3,16315688264.296,1333991588.22,-8.71141046062707,,18.377051526403,28.7844354599794,13.1841049760332,,2.603,69.81,20.6324567427483,32164317428.9323,3.20143436722118,24.9742676784933
2003,9050700.0,5206741.0,164249132403.906,115742639876.451,24869140410.6278,22779189596.8411,442466270.550935,37032562875.9302,39210565659.1571,,61904448600.0,43960301200.0,10227321500.0,7839531500.0,351709900.0,15847993500.0,16322409100.0,15599276728.3706,45948315469.6156,86558193432.3102,8312057000.0,15845366300.0,31749587500.0,8082399639.54305,1492659721.64642,468545313.986,1497372825.0,550740000.0,75594887.4166634,158166413.296793,45781410.2461145,197400000.0,1096941369.79827,7.65916666666666,66.3596719570179,11635395868.72,8030864313.94,17461782696.35,1566203978.05,-7.5654306950567,,18.7957346068987,28.2076378858982,12.9730003183325,,2.654,69.639,17.6632890518186,36738375247.1356,3.57840976144804,30.1389419296459
2004,9204287.0,5328768.0,171103734201.755,119110747536.499,25652090805.2495,22524582322.6933,-1243367096.83687,43187577130.8584,41353607471.9963,,69626113100.0,47281175700.0,11320186800.0,8137288100.0,-463304600.0,21680451000.0,18329683900.0,15637936956.5407,48844381483.3096,88549647615.6168,9275857900.0,18687404700.0,34315208600.0,8773451751.5121,2044256550.86625,517758635.338,1724732878.03138,606221071.0,337499451.331106,210558668.516465,50586782.9261628,65430000.0,1271422924.6815,7.93626666666666,69.3043033000566,14094000000.0,10455300000.0,18946100000.0,1774000000.0,-5.3889264141617,,20.242405288024,27.2111987248072,15.0163488014671,,2.615,69.467,14.4698833333333,34861567995.9744,5.08868092656529,37.5739969111581
2005,9360754.0,5455596.0,178668971387.08,123076380390.174,26512952293.6052,24026227760.7709,1463881902.51415,46787829524.4176,47468395782.8974,,77023817400.0,51080251800.0,12304214000.0,10006046200.0,972637300.0,27380536700.0,24719868700.0,16417149067.5072,52006894331.0967,90501985064.4965,9083204300.0,20233555600.0,36062703000.0,9549122905.32852,2622226566.01204,657166440.36676,2182590109.27999,681954426.19,622439173.907653,337040056.699114,66719820.04045,-238620000.0,1794984952.80819,8.06606249999999,73.0420445177246,17694210367.11,12489538389.62,20013216364.48,2007900402.01,-3.6902011920666,,22.9723882357329,25.9831530558235,16.2151641027597,,2.598,69.294,16.6150416666666,39688299830.2696,7.33080300030145,47.8301459653094
2006,9521689.0,5586802.0,187239737709.483,128087090422.12,27380829283.7134,26259484698.9325,-920956945.653177,52092087708.3294,49917953342.9124,,91747795300.0,57594546500.0,13169692000.0,13116888400.0,-395752800.0,38324626900.0,30062205700.0,17116433599.4161,55613205944.6026,94088720751.3007,10034959200.0,25370327400.0,39572461800.0,11451844902.2214,3661955400.56369,687399685.94,2632100969.94311,824794485.0,1317472316.56231,602974070.716,73240336.466,280763457.0,3193982720.12097,8.01161666666666,76.1699941455487,21289078629.731,15428463542.931,21962623252.461,2810887455.95,12.1637589143791,,23.2039130315004,23.9380392527656,16.8161681623874,,2.575,69.121,11.8912833333333,48959127538.4958,6.90511113358437,48.8382325972114
2007,9685960.0,5720169.0,195786078842.585,133427911343.598,28412578106.5369,29579640296.6515,-1301381964.8206,53701299696.3655,52100554108.4793,,103009182400.0,65127854900.0,14481703000.0,16625263500.0,-981614500.0,43053364300.0,35297388800.0,17029861137.5121,59504974501.3833,98357448651.9094,10312409600.0,29141081800.0,43788762500.0,13120108008.3477,4262826733.64491,691908732.930005,3243473509.09,896731585.55,1591246147.31376,1055366581.7028,78912289.447,366294241.538303,5313631986.14594,7.85124516125,82.8010561907833,23965710532.4254,17475369491.8954,22467377441.946,2142386179.88,1.24212165104943,,23.2656060110864,21.8110433637866,16.9648657379261,,2.614,68.947,12.8608083333333,62148803498.1762,4.87482833139779,47.5095338694939
2008,9850858.0,5853589.0,207823981739.027,140743647145.104,29523794559.8298,35102960276.8376,421079437.584103,54869053002.6296,57016056343.2616,,120693764200.0,75100239300.0,16024963300.0,20818126000.0,366936700.0,54199412800.0,45815914000.0,17475188630.3361,65800511052.2891,102311686040.062,12603330600.0,35890269900.0,48876175300.0,16674276285.8956,6271446254.13459,751626542.9,4764087001.0,1014028000.0,1992699060.96837,1134718446.9388,105883449.600716,512335605.237139,7719766413.09899,7.23832069891666,94.3988434471963,,,,,,,,,,,2.603,68.773,13.8733333333333,77494309364.576,5.13358898631882,51.1866049934702
2009,10016275.0,5987066.0,214800631921.311,145913367849.917,30651614071.6315,36117086043.6085,669655117.405499,48967524843.9688,51195232862.969,,121726745200.0,79733207300.0,17904500700.0,20059667800.0,598895800.0,43483988500.0,40053514900.0,18118614439.3221,67706259513.4275,107332007092.926,13575462600.0,35579126300.0,52961512800.0,17339992193.7322,4709830000.0,720130000.0,4143570000.0,1012220000.0,813540000.0,1057930000.0,103470000.0,423040000.0,8574579206.49636,7.02,97.5578575098271,,,,,,,,,,,2.973,68.598,12.359625,85343106224.9766,1.99901854108232,39.5433516744626
2010,10182345.0,6120745.0,223664858124.54,151717227551.548,31592227003.4226,38812785639.8201,641041538.276246,53792113948.785,56847729269.1384,,137875568000.0,85894379100.0,19069871000.0,22849077400.0,599445900.0,56787439100.0,47324644500.0,17905162729.2538,70308280070.2529,112871018498.618,14325141500.0,41561130900.0,60048161000.0,19649723722.1034,6129300487.3046,707694436.83,5006774120.3598,1148813465.0,873745670.09457,960212746.785506,101784071.7,621997989.548348,9730683978.92494,7.01666666666666,99.9999999999999,,,,,,,,,,,2.609,68.422,9.90992714868377,96125106678.5504,2.81120414194023,43.2688115125649
2011,10348929.0,6255273.0,235304584104.038,159611689151.863,33880475249.8994,48016836503.4647,1361374516.82978,56262869621.7961,66517651935.5174,,166231562900.0,100909769400.0,22901891200.0,31526855900.0,1412846600.0,73294325100.0,63814125300.0,18452321802.6623,73729745718.3541,118007110061.943,16240135300.0,50483040600.0,68176869600.0,23963164696.592,8174835184.8045,948038341.618849,7126366595.22007,1650733456.0,537204935.340689,1042996646.64181,117258563.539464,858941070.400943,11994673114.8231,6.93696249999999,109.884464198238,,,,,,,,,,,2.255,68.247,10.9153923412969,118201478340.89,3.57882129837961,45.3581817460597
2012,10515807.0,6390348.0,247357533356.379,166962681693.293,35535623687.036,49229573137.8201,-1660872873.87039,63743347448.7334,69365209958.9408,,187153877600.0,111363573400.0,25152783000.0,34366836800.0,-1291147000.0,88273365900.0,70711534600.0,19217989561.3814,77566576757.8229,124365044935.846,18363841500.0,54900129500.0,75691563400.0,27084497481.9103,11132827855.4157,1125167106.49696,7997488634.57405,1921422621.98738,1970039110.21655,1110532146.98188,147112672.285848,1059965390.7848,13924289443.0799,6.91,114.8464102656,,,,,,,,,,,2.066,68.07,11.1349478606742,141095336029.238,3.58582706729094,50.0146584363154
2013,10682608.0,6527026.0,264167979591.566,176858917920.538,38836965375.3175,55002735766.6245,-506545008.358956,66353571596.8442,75038848507.56,,211856031700.0,127509169700.0,29324083000.0,40379933000.0,-89731500.0,93412577400.0,78679999800.0,20118375748.7867,83407392221.3459,132237384610.736,21115647200.0,60417511800.0,85191085100.0,30659338885.6729,11538700931.3342,1213954465.82258,8729181721.16208,2331501739.0316,1053982417.12107,1201339478.59818,172158814.237793,1749612614.3979,14429068711.377,6.91,121.434460016488,,,,,,,,,,,2.437,67.893,11.0513992821175,166645874523.672,3.31838837807072,54.5398474110676
2014,10848888.0,6666920.0,278593055730.687,186444888011.765,41446473934.7839,60452450424.9489,386747254.043936,73563193342.7745,86356805766.3942,,228003659200.0,143499688800.0,33532604500.0,47839840900.0,117986000.0,98709824800.0,95696285800.0,20886909561.258,87774957313.668,139271274802.667,22208052400.0,62987150600.0,94542516800.0,32996188017.3661,12809705325.3416,1191842304.71472,9893765587.48859,3024822580.46397,566230700.557408,1176966248.36875,180137043.898414,656566350.80003,15129277524.0077,6.91,128.437100493446,,,,,,,,,,,2.021,67.716,9.69422821628935,192715687688.522,3.03332355757079,51.740358250386
2015,11014705.0,6807096.0,292124841917.212,196139114740.907,45246058153.9668,63471694444.3796,-1298636193.73213,69209208845.0516,81688721886.6611,,228031369900.0,156018420400.0,39894677000.0,48732720000.0,-2485046500.0,70389398300.0,84518799200.0,21955503604.8893,90075688742.8839,147622864571.298,23349258700.0,57469415100.0,104840615400.0,33000198248.9146,8684018275.65134,1243394801.36305,9071898887.29365,2835251387.9661,-1936209393.39835,1190958193.96266,210175743.521405,554643532.297183,13049620686.0687,6.91,133.651146397122,,,,,,,,,,,3.111,67.538,8.07325379670779,218038615945.278,1.14024731448316,46.1471961581206
2016,11180020.0,6945218.0,304580814000.124,202802851858.032,45955116069.0692,65639346046.5692,1308583949.05216,65254357141.0433,78263784879.9889,,234533182000.0,161615430600.0,40945394400.0,48479144300.0,907356500.0,57432498600.0,74846642300.0,22643469027.4368,93686251533.2624,155844454694.321,26201754900.0,59398715600.0,116802995000.0,33941126193.9219,7029946630.03064,1244740246.41451,7930773107.40541,2857927957.17761,-1907244254.76485,1246634759.3559,222250464.340478,335365530.426077,10053627485.0797,6.91,138.493613869075,,,,,,,,,,,3.498,67.359,7.95202606117997,218044047269.261,0.788114698375915,31.1663267980126
2017,11344587.0,7081896.0,317358607600.0,212397001077.191,48224355942.1507,73365902399.3101,3306821778.72952,62008275240.6996,82631440399.6843,-6.45808411,317358607600.0,212397001100.0,48224355900.0,73365902400.0,3306821800.0,62008275200.0,82631440400.0,24364055761.0512,95793499160.0881,163473426476.71,24364055800.0,95793499200.0,163473426500.0,45927439594.7902,8133837886.97646,1454951845.50222,8680869448.02264,3081140402.42899,-1898241784.31147,1407996988.86426,232927804.367505,712474137.775022,10245969449.673,6.91,142.402953510878,,,,,,,,,,,3.655,68.634,8.10989203240817,239826990837.713,1.02986757658124,33.2474626156162
2018,11508368.0,7217995.0,326460719200.0,219030959381.824,49861186154.4756,76585181517.874,3334792539.88636,63181473866.9532,86250631730.2934,37.18858337,334541008400.0,221159477000.0,53788348400.0,76353295000.0,3311757700.0,68096019400.0,88891347700.0,25080027983.0501,98202468447.6807,168159727944.829,24924489400.0,101651921700.0,175069420300.0,48414038842.2576,8940200488.77685,1458805538.29214,9301944791.5431,3089472122.59663,-1724978180.94975,1388281653.93941,251815643.315126,302368781.37636,8929614182.53613,6.91,145.638433874571,,,,,,,,,,,3.519,71.798,8.03724252665112,249733082308.431,1.4498952900262,34.8526923233055
2019,11671386.0,7353733.0,331379571500.0,223162742256.462,50726137807.4083,80103180763.3763,-1944413486.12519,64092381014.5257,85611466179.3224,86398859.0836868,338981407200.0,226807135600.0,54627702200.0,77674895700.0,-1551185200.0,67957094000.0,87367486000.0,25874885015.5699,99462301015.3047,171210872745.494,25874053000.0,103262981200.0,180830288000.0,49056643589.0014,8827819915.73656,1443285122.84592,9085852594.24741,2871435057.8404,-1366094867.23347,1335620196.92987,275421573.736587,-216636843.1305,6455449941.67879,6.91,148.317518475357,,,,,,,,,,,3.682,74.158,8.39953170954601,245833546161.457,1.0303191682966,32.0714901886577
2020,11816299.0,7482810.0,289229849600.0,197884884579.59,49615818313.4137,47866956094.137,5075276140.26275,48766449430.2715,59808888104.9447,610885421.32531,292388248000.0,198525555300.0,54403676500.0,46179012000.0,4092771500.0,49331023500.0,60362621300.0,27090793572.779,79517525297.5765,153652393687.701,26677667100.0,79751072300.0,163087965000.0,42313784081.042,7013096617.01611,424590270.351746,6333861464.06692,1728570355.87811,-15915747.1054326,1126517920.43532,215679931.571257,-1129487271.3377,5247234668.79634,6.91,149.712803892505,,,,,,,,,,,7.903,72.264,7.59222372184479,268645239885.776,0.497346305966912,29.4701072049889
2021,11937360.0,7602848.0,318236852600.0,213313002942.29,51778544773.9785,57334992534.0345,2237617700.11497,67025471019.142,73391829504.8876,554479257.608322,330836236500.0,217652371900.0,56198676200.0,56384912700.0,2370334900.0,77920256300.0,79779731500.0,27994626937.7931,93978478548.1406,164622979127.397,29146735700.0,102042446000.0,173886657100.0,47877892402.3155,11145698861.1571,449143893.181477,8216070562.33978,1960590716.2119,1591562617.75109,1417462508.76988,293731382.457237,583576424.725665,4730168839.86019,6.91,150.816761737338,,,,,,,,,,,5.089,77.79,8.01711817014333,190763171152.764,1.26335187425347,21.4767656503189
2022,12077154.0,7732083.0,330162517100.0,225847608723.964,52627301576.9224,59640875403.2821,1803402720.21443,74404968352.0063,84483959901.1618,749361664.568794,352127256300.0,237731838000.0,57689369700.0,61202075100.0,1870012800.0,97870219700.0,104690750600.0,28475585557.7253,95854140385.8572,173535353832.714,30495223300.0,112748584900.0,186128716600.0,50959081953.6903,13794787927.9197,888122518.825347,10755744304.5643,2709212343.45289,1154275493.20957,1459221074.91624,319306430.893004,6236980.0828294,3752070996.50723,6.91,153.450518176398,,,,,,,,,,,3.552,78.267,7.76498872156728,200498496606.203,,22.7288338190063
2023,12244159.0,7873868.0,338470614100.0,231711175446.23,54804644407.5865,61416153077.3798,2245327038.38589,68336574165.0061,81067139595.4669,-248826666.634079,361670830000.0,249430323400.0,60952582800.0,64044874300.0,2230920600.0,81024427200.0,98394415600.0,30393959884.9489,96331957773.5067,179023954934.152,33675099000.0,107677384700.0,194570955900.0,52340206946.4544,10793376159.7197,1111040406.34534,10531914109.1752,2490219579.24719,-1171249704.06945,1448643182.89681,332201491.417086,240143401.66707,1799951502.87318,6.91,157.40476617273,,,,,,,,,,,3.024,78.38,8.68601452432374,202759698749.475,,19.7390284484517
2024,12413315.0,8015521.0,334668384300.0,235638324082.734,55121634613.743,54752362376.7613,-2575799078.2084,58449118304.2419,72600461380.9206,-56172651.4958572,379229972700.0,264046607600.0,62700707800.0,62985592300.0,-3380767900.0,81288181400.0,96865988300.0,29210539274.793,93678651980.357,180620753679.285,33471819000.0,118543775100.0,202366446900.0,54881327452.9667,8930066977.20469,1151256770.66898,9151819124.47125,2212973309.29707,-1304994421.71901,1279661295.86324,245822433.535511,357888161.773056,1977025889.30984,6.91,165.432040421687,,,,,,,,,,,3.274,78.33,8.80431027070166,226680234021.841,,18.9433899156143
